product_id,product_code,product_name,category,uom,is_active,pro_currency,base_price,base_cost,holding_cost_rate
1,PRD-0001,Product_CAT_01_1,CAT_01,EA,True,EUR,92.45,66.08,0.19
2,PRD-0002,Product_CAT_01_2,CAT_01,EA,True,TRY,492.87,283.21,0.18
3,PRD-0003,Product_CAT_01_3,CAT_01,EA,True,EUR,291.33,170.44,0.2
4,PRD-0004,Product_CAT_01_4,CAT_01,EA,True,TRY,94.06,67.07,0.15
5,PRD-0005,Product_CAT_02_5,CAT_02,EA,True,USD,124.84,83.82,0.19
6,PRD-0006,Product_CAT_02_6,CAT_02,EA,False,EUR,169.34,126.33,0.19
7,PRD-0007,Product_CAT_02_7,CAT_02,EA,True,TRY,347.84,233.63,0.17
8,PRD-0008,Product_CAT_02_8,CAT_02,EA,True,EUR,386.59,218.15,0.2
9,PRD-0009,Product_CAT_03_9,CAT_03,EA,True,EUR,86.05,51.33,0.22
10,PRD-0010,Product_CAT_03_10,CAT_03,EA,True,USD,160.8,112.34,0.19
11,PRD-0011,Product_CAT_03_11,CAT_03,EA,True,USD,141.92,103.47,0.19
12,PRD-0012,Product_CAT_03_12,CAT_03,EA,True,EUR,468.06,366.93,0.21
13,PRD-0013,Product_CAT_04_13,CAT_04,KG,True,TRY,145.92,89.93,0.34
14,PRD-0014,Product_CAT_04_14,CAT_04,EA,True,EUR,247.18,169.52,0.25
15,PRD-0015,Product_CAT_04_15,CAT_04,EA,True,TRY,417.7,261.0,0.24
16,PRD-0016,Product_CAT_04_16,CAT_04,EA,True,USD,384.09,226.18,0.17
17,PRD-0017,Product_CAT_05_17,CAT_05,KG,True,TRY,277.43,170.0,0.28
18,PRD-0018,Product_CAT_05_18,CAT_05,EA,True,USD,51.6,38.33,0.18
19,PRD-0019,Product_CAT_05_19,CAT_05,KG,True,USD,302.41,174.78,0.33
20,PRD-0020,Product_CAT_05_20,CAT_05,EA,True,TRY,312.13,183.23,0.18
21,PRD-0021,Product_CAT_06_21,CAT_06,EA,True,USD,454.52,273.86,0.16
22,PRD-0022,Product_CAT_06_22,CAT_06,KG,True,TRY,488.23,360.01,0.3
23,PRD-0023,Product_CAT_06_23,CAT_06,EA,True,EUR,446.64,248.42,0.18
24,PRD-0024,Product_CAT_06_24,CAT_06,EA,True,TRY,414.84,255.83,0.16
25,PRD-0025,Product_CAT_07_25,CAT_07,EA,True,EUR,139.81,109.0,0.23
26,PRD-0026,Product_CAT_07_26,CAT_07,EA,True,USD,136.91,86.54,0.25
27,PRD-0027,Product_CAT_07_27,CAT_07,EA,True,EUR,355.78,270.72,0.15
28,PRD-0028,Product_CAT_07_28,CAT_07,EA,True,EUR,483.14,297.79,0.19
29,PRD-0029,Product_CAT_08_29,CAT_08,EA,True,EUR,492.91,285.35,0.17
30,PRD-0030,Product_CAT_08_30,CAT_08,EA,True,TRY,466.51,319.38,0.22
31,PRD-0031,Product_CAT_08_31,CAT_08,EA,True,EUR,476.99,372.14,0.22
32,PRD-0032,Product_CAT_08_32,CAT_08,EA,True,USD,189.18,123.36,0.18
33,PRD-0033,Product_CAT_09_33,CAT_09,EA,True,USD,354.79,275.21,0.18
34,PRD-0034,Product_CAT_09_34,CAT_09,EA,True,EUR,144.58,107.92,0.18
35,PRD-0035,Product_CAT_09_35,CAT_09,EA,True,EUR,262.93,203.85,0.17
36,PRD-0036,Product_CAT_09_36,CAT_09,KG,True,TRY,328.67,188.44,0.3
37,PRD-0037,Product_CAT_10_37,CAT_10,EA,True,EUR,60.99,37.28,0.23
38,PRD-0038,Product_CAT_10_38,CAT_10,EA,True,TRY,309.05,225.48,0.19
39,PRD-0039,Product_CAT_10_39,CAT_10,EA,True,TRY,400.29,242.06,0.22
40,PRD-0040,Product_CAT_10_40,CAT_10,EA,False,USD,255.41,191.65,0.25
41,PRD-0041,Product_CAT_11_41,CAT_11,EA,True,EUR,325.69,237.69,0.23
42,PRD-0042,Product_CAT_11_42,CAT_11,EA,True,USD,437.67,289.96,0.23
43,PRD-0043,Product_CAT_11_43,CAT_11,EA,True,EUR,332.04,205.42,0.18
44,PRD-0044,Product_CAT_11_44,CAT_11,EA,True,USD,86.26,50.7,0.17
45,PRD-0045,Product_CAT_12_45,CAT_12,EA,True,EUR,294.18,192.38,0.19
46,PRD-0046,Product_CAT_12_46,CAT_12,EA,True,USD,58.79,45.28,0.2
47,PRD-0047,Product_CAT_12_47,CAT_12,EA,True,TRY,434.05,342.19,0.22
48,PRD-0048,Product_CAT_12_48,CAT_12,EA,True,EUR,269.7,166.74,0.19
49,PRD-0049,Product_CAT_13_49,CAT_13,EA,True,EUR,124.27,82.87,0.21
50,PRD-0050,Product_CAT_13_50,CAT_13,EA,True,USD,348.35,198.9,0.24
51,PRD-0051,Product_CAT_13_51,CAT_13,EA,True,USD,145.25,91.76,0.19
52,PRD-0052,Product_CAT_13_52,CAT_13,EA,True,TRY,425.71,284.19,0.16
53,PRD-0053,Product_CAT_14_53,CAT_14,EA,True,TRY,401.55,286.28,0.24
54,PRD-0054,Product_CAT_14_54,CAT_14,EA,True,USD,157.35,105.17,0.24
55,PRD-0055,Product_CAT_14_55,CAT_14,EA,False,TRY,125.51,88.08,0.16
56,PRD-0056,Product_CAT_14_56,CAT_14,EA,True,TRY,310.41,242.81,0.24
57,PRD-0057,Product_CAT_15_57,CAT_15,EA,True,EUR,84.2,60.85,0.16
58,PRD-0058,Product_CAT_15_58,CAT_15,EA,True,TRY,412.49,308.98,0.15
59,PRD-0059,Product_CAT_15_59,CAT_15,EA,False,EUR,277.68,176.41,0.23
60,PRD-0060,Product_CAT_15_60,CAT_15,EA,True,EUR,451.21,300.03,0.17
61,PRD-0061,Product_CAT_16_61,CAT_16,EA,True,TRY,413.69,283.19,0.19
62,PRD-0062,Product_CAT_16_62,CAT_16,EA,True,USD,423.83,242.29,0.17
63,PRD-0063,Product_CAT_16_63,CAT_16,EA,True,USD,201.38,135.64,0.2
64,PRD-0064,Product_CAT_16_64,CAT_16,EA,True,EUR,446.14,323.58,0.15
65,PRD-0065,Product_CAT_17_65,CAT_17,EA,True,TRY,232.89,160.41,0.2
66,PRD-0066,Product_CAT_17_66,CAT_17,EA,True,EUR,91.87,55.62,0.18
67,PRD-0067,Product_CAT_17_67,CAT_17,EA,True,TRY,204.69,163.58,0.19
68,PRD-0068,Product_CAT_17_68,CAT_17,EA,True,TRY,104.3,62.39,0.2
69,PRD-0069,Product_CAT_18_69,CAT_18,EA,False,TRY,382.37,236.73,0.23
70,PRD-0070,Product_CAT_18_70,CAT_18,EA,True,TRY,183.31,117.36,0.22
71,PRD-0071,Product_CAT_18_71,CAT_18,EA,True,EUR,299.01,216.59,0.24
72,PRD-0072,Product_CAT_18_72,CAT_18,EA,True,TRY,177.95,119.17,0.25
73,PRD-0073,Product_CAT_19_73,CAT_19,EA,True,EUR,419.95,273.04,0.21
74,PRD-0074,Product_CAT_19_74,CAT_19,EA,True,EUR,477.11,272.57,0.21
75,PRD-0075,Product_CAT_19_75,CAT_19,EA,False,USD,151.56,103.16,0.19
76,PRD-0076,Product_CAT_19_76,CAT_19,KG,True,USD,305.88,172.84,0.29
77,PRD-0077,Product_CAT_20_77,CAT_20,EA,True,EUR,347.19,204.59,0.16
78,PRD-0078,Product_CAT_20_78,CAT_20,EA,True,TRY,261.46,145.94,0.18
79,PRD-0079,Product_CAT_20_79,CAT_20,EA,True,EUR,465.76,347.9,0.22
80,PRD-0080,Product_CAT_20_80,CAT_20,EA,True,EUR,151.16,88.77,0.16
81,PRD-0081,Product_CAT_21_81,CAT_21,EA,True,USD,387.03,267.94,0.16
82,PRD-0082,Product_CAT_21_82,CAT_21,EA,True,USD,275.21,185.34,0.15
83,PRD-0083,Product_CAT_21_83,CAT_21,EA,True,EUR,61.64,37.43,0.24
84,PRD-0084,Product_CAT_21_84,CAT_21,EA,True,USD,419.64,291.26,0.17
85,PRD-0085,Product_CAT_22_85,CAT_22,EA,True,USD,131.67,91.69,0.2
86,PRD-0086,Product_CAT_22_86,CAT_22,EA,True,USD,194.48,112.05,0.19
87,PRD-0087,Product_CAT_22_87,CAT_22,EA,False,USD,416.1,286.08,0.18
88,PRD-0088,Product_CAT_22_88,CAT_22,EA,True,EUR,439.21,332.14,0.24
89,PRD-0089,Product_CAT_23_89,CAT_23,EA,True,USD,212.8,157.28,0.23
90,PRD-0090,Product_CAT_23_90,CAT_23,EA,True,TRY,247.15,179.08,0.25
91,PRD-0091,Product_CAT_23_91,CAT_23,EA,True,TRY,189.84,105.06,0.17
92,PRD-0092,Product_CAT_23_92,CAT_23,KG,True,USD,341.47,200.95,0.3
93,PRD-0093,Product_CAT_24_93,CAT_24,EA,True,TRY,491.11,300.04,0.19
94,PRD-0094,Product_CAT_24_94,CAT_24,EA,True,TRY,438.81,271.65,0.19
95,PRD-0095,Product_CAT_24_95,CAT_24,EA,True,EUR,177.28,110.74,0.25
96,PRD-0096,Product_CAT_24_96,CAT_24,EA,True,EUR,267.95,169.64,0.19
97,PRD-0097,Product_CAT_25_97,CAT_25,EA,True,USD,157.46,101.68,0.19
98,PRD-0098,Product_CAT_25_98,CAT_25,EA,True,EUR,223.74,160.18,0.25
99,PRD-0099,Product_CAT_25_99,CAT_25,EA,True,TRY,484.41,306.63,0.23
100,PRD-0100,Product_CAT_25_100,CAT_25,EA,False,USD,375.1,244.75,0.17
101,PRD-0101,Product_CAT_26_101,CAT_26,EA,True,USD,330.47,214.6,0.18
102,PRD-0102,Product_CAT_26_102,CAT_26,EA,True,EUR,332.06,256.3,0.2
103,PRD-0103,Product_CAT_26_103,CAT_26,EA,True,TRY,464.42,371.24,0.19
104,PRD-0104,Product_CAT_26_104,CAT_26,KG,True,USD,249.66,180.63,0.28
105,PRD-0105,Product_CAT_27_105,CAT_27,EA,True,EUR,243.81,148.98,0.22
106,PRD-0106,Product_CAT_27_106,CAT_27,EA,True,USD,441.88,311.49,0.24
107,PRD-0107,Product_CAT_27_107,CAT_27,EA,True,TRY,256.81,184.06,0.2
108,PRD-0108,Product_CAT_27_108,CAT_27,EA,True,USD,248.78,158.32,0.21
109,PRD-0109,Product_CAT_28_109,CAT_28,EA,True,EUR,139.65,90.24,0.17
110,PRD-0110,Product_CAT_28_110,CAT_28,EA,True,EUR,182.85,145.27,0.18
111,PRD-0111,Product_CAT_28_111,CAT_28,EA,True,TRY,488.12,379.59,0.23
112,PRD-0112,Product_CAT_28_112,CAT_28,EA,True,EUR,323.18,206.21,0.21
113,PRD-0113,Product_CAT_29_113,CAT_29,EA,True,TRY,356.38,208.2,0.21
114,PRD-0114,Product_CAT_29_114,CAT_29,EA,True,TRY,310.81,227.85,0.18
115,PRD-0115,Product_CAT_29_115,CAT_29,EA,True,USD,403.93,310.67,0.2
116,PRD-0116,Product_CAT_29_116,CAT_29,EA,True,TRY,485.32,302.74,0.23
117,PRD-0117,Product_CAT_30_117,CAT_30,KG,True,USD,437.06,319.51,0.35
118,PRD-0118,Product_CAT_30_118,CAT_30,EA,True,EUR,56.26,38.49,0.22
119,PRD-0119,Product_CAT_30_119,CAT_30,EA,True,EUR,473.13,273.04,0.15
120,PRD-0120,Product_CAT_30_120,CAT_30,EA,True,TRY,149.62,84.66,0.24
